Workbook

Sheet Summary
A1: Test Results for OPHS/OPHSSP (395 Instances) | C1: OPHS | K1: OPHSSP
A2: Instance | B2: Optimal Value | C2: model trained 32-5-4 | E2: model trained 64-10-5 | G2: model trained 100-15-6 | I2: GAP (%) | K2: model trained 32-5-5 | M2: model trained 64-10-6 | O2: model trained 100-15-7
C3: Objective Value | D3: Runtime | E3: Objective Value | F3: Runtime | G3: Objective Value | H3: Runtime | K3: Objective Value | L3: Runtime | M3: Objective Value | N3: Runtime | O3: Objective Value | P3: Runtime
A4: 32-65-1-2 | B4: 240 | C4: 225 | D4: 0.63510871 | E4: 220 | F4: 0.67097712 | G4: 225 | H4: 0.79101348 | I4: =((B4-MAX(C4,E4,G4))/B4)*100 -> 6.25 | K4: 178.33396 | L4: 0.57160902 | M4: 174.0853 | N4: 0.60918045 | O4: 169.17938 | P4: 0.30317521
A5: 32-65-2-3 | B5: 240 | C5: 225 | D5: 0.1914525 | E5: 230 | F5: 0.22584033 | G5: 215 | H5: 0.22870779 | I5: =((B5-MAX(C5,E5,G5))/B5)*100 -> 4.1666667 | K5: 157.26664 | L5: 0.22140741 | M5: 176.4158 | N5: 0.17951941 | O5: 175.82603 | P5: 0.1755302
A6: 32-65-3-4 | B6: 240 | C6: 215 | D6: 0.19064307 | E6: 230 | F6: 0.22079039 | G6: 215 | H6: 0.24166036 | I6: =((B6-MAX(C6,E6,G6))/B6)*100 -> 4.1666667 | K6: 169.3302 | L6: 0.19058061 | M6: 178.42507 | N6: 0.1835084 | O6: 178.42507 | P6: 0.18051648
A7: 32-65-5-3 | B7: 240 | C7: 225 | D7: 0.19488406 | E7: 230 | F7: 0.46525645 | G7: 225 | H7: 0.24736953 | I7: =((B7-MAX(C7,E7,G7))/B7)*100 -> 4.1666667 | K7: 177.11131 | L7: 0.21146965 | M7: 177.09323 | N7: 0.18849635 | O7: 172.34294 | P7: 0.18151355
A8: 32-65-6-4 | B8: 240 | C8: 215 | D8: 0.19204354 | E8: 230 | F8: 0.24513483 | G8: 225 | H8: 0.25654888 | I8: =((B8-MAX(C8,E8,G8))/B8)*100 -> 4.1666667 | K8: 175.53856 | L8: 0.264292 | M8: 175.75648 | N8: 0.25167942 | O8: 175.37692 | P8: 0.19148707
A9: 32-70-1-2 | B9: 260 | C9: 250 | D9: 0.2003715 | E9: 245 | F9: 0.19800854 | G9: 240 | H9: 0.24621034 | I9: =((B9-MAX(C9,E9,G9))/B9)*100 -> 3.8461538 | K9: 188.82601 | L9: 0.19348168 | M9: 180.52106 | N9: 0.18550372 | O9: 175.24705 | P9: 0.23836303
A10: 32-70-2-3 | B10: 260 | C10: 245 | D10: 0.20404291 | E10: 245 | F10: 0.1980691 | G10: 240 | H10: 0.23734331 | I10: =((B10-MAX(C10,E10,G10))/B10)*100 -> 5.7692308 | K10: 183.42551 | L10: 0.23490357 | M10: 183.42551 | N10: 0.17952061 | O10: 183.42551 | P10: 0.18350887
A11: 32-70-3-4 | B11: 260 | C11: 255 | D11: 0.22095823 | E11: 250 | F11: 0.22058392 | G11: 250 | H11: 0.25831437 | I11: =((B11-MAX(C11,E11,G11))/B11)*100 -> 1.9230769 | K11: 190.14818 | L11: 0.2076447 | M11: 190.14818 | N11: 0.19148684 | O11: 185.72654 | P11: 0.19048953
A12: 32-70-5-3 | B12: 260 | C12: 250 | D12: 0.21795416 | E12: 245 | F12: 0.19894505 | G12: 245 | H12: 0.25208688 | I12: =((B12-MAX(C12,E12,G12))/B12)*100 -> 3.8461538 | K12: 185.73945 | L12: 0.19747186 | M12: 185.73945 | N12: 0.18650103 | O12: 185.73945 | P12: 0.18550348
A13: 32-70-6-4 | B13: 260 | C13: 260 | D13: 0.26088071 | E13: 250 | F13: 0.23076916 | G13: 245 | H13: 0.27584553 | I13: =((B13-MAX(C13,E13,G13))/B13)*100 -> 0 | K13: 188.18789 | L13: 0.24634075 | M13: 188.18789 | N13: 0.195611 | O13: 183.78004 | P13: 0.19547677
A14: 32-73-1-2 | B14: 265 | C14: 255 | D14: 0.24787021 | E14: 245 | F14: 0.19023228 | G14: 250 | H14: 0.24235106 | I14: =((B14-MAX(C14,E14,G14))/B14)*100 -> 3.7735849 | K14: 185.58782 | L14: 0.22041035 | M14: 186.05711 | N14: 0.18354225 | O14: 175.79798 | P14: 0.17453289
A15: 32-73-2-3 | B15: 265 | C15: 235 | D15: 0.2370975 | E15: 240 | F15: 0.18700504 | G15: 240 | H15: 0.31903267 | I15: =((B15-MAX(C15,E15,G15))/B15)*100 -> 9.4339623 | K15: 185.96377 | L15: 0.19922519 | M15: 181.30344 | N15: 0.17752504 | O15: 185.96377 | P15: 0.23536968
... A398: 102-60-6-4 | B398: 243 | C398: 205 | D398: 0.55317783 | E398: 216 | F398: 0.50607753 | G398: 221 | H398: 0.29820228 | I398: =((B398-MAX(C398,E398,G398))/B398)*100 -> 9.0534979 | K398: 68.674551 | L398: 0.29620743 | M398: 60.216184 | N398: 0.2912209 | O398: 156.54507 | P398: 0.29421258
A399: AVG | D399: =AVERAGE(D4:D398) -> 0.95281006 | F399: =AVERAGE(F4:F398) -> 0.88973938 | H399: =AVERAGE(H4:H398) -> 0.70853598 | I399: =AVERAGE(I4:I398) -> 9.7474037 | L399: =AVERAGE(L4:L398) -> 0.62132502 | N399: =AVERAGE(N4:N398) -> 0.59837937 | P399: =AVERAGE(P4:P398) -> 0.5850791
B403: AVG | C403: OPHS32 | E403: OPHS64 | G403: OPHS100
C404: Gap | D404: Time | E404: Gap | F404: Time | G404: Gap | H404: Time
B405: 32 | C405: {=AVERAGE((((Summary!$B$4:$B$33)-(Summary!C$4:C$33))/(Summary!$B$4:$B$33))*100)} -> 6.6604846 | D405: =AVERAGE(Summary!D$4:D$33) -> 0.25754821 | E405: {=AVERAGE((((Summary!$B$4:$B$33)-(Summary!E$4:E$33))/(Summary!$B$4:$B$33))*100)} -> 7.3429775 | F405: =AVERAGE(Summary!F$4:F$33) -> 0.25146907 | G405: {=AVERAGE((((Summary!$B$4:$B$33)-(Summary!G$4:G$33))/(Summary!$B$4:$B$33))*100)} -> 8.3270214 | H405: =AVERAGE(Summary!H$4:H$33) -> 0.30400957
B406: 33 | C406: {=AVERAGE((((Summary!$B$34:$B$73)-(Summary!C$34:C$73))/(Summary!$B$34:$B$73))*100)} -> 5.8384371 | D406: =AVERAGE(Summary!D$34:D$73) -> 0.27735062 | E406: {=AVERAGE((((Summary!$B$34:$B$73)-(Summary!E$34:E$73))/(Summary!$B$34:$B$73))*100)} -> 7.6608745 | F406: =AVERAGE(Summary!F$34:F$73) -> 0.27351381 | G406: {=AVERAGE((((Summary!$B$34:$B$73)-(Summary!G$34:G$73))/(Summary!$B$34:$B$73))*100)} -> 7.7148015 | H406: =AVERAGE(Summary!H$34:H$73) -> 0.28504749
B407: 64 | C407: {=AVERAGE((((Summary!$B$74:$B$131)-(Summary!C$74:C$131))/(Summary!$B$74:$B$131))*100)} -> 7.0737562 | D407: =AVERAGE(Summary!D$74:D$131) -> 0.70017497 | E407: {=AVERAGE((((Summary!$B$74:$B$131)-(Summary!E$74:E$131))/(Summary!$B$74:$B$131))*100)} -> 5.3409826 | F407: =AVERAGE(Summary!F$74:F$131) -> 0.53043091 | G407: {=AVERAGE((((Summary!$B$74:$B$131)-(Summary!G$74:G$131))/(Summary!$B$74:$B$131))*100)} -> 6.6969126 | H407: =AVERAGE(Summary!H$74:H$131) -> 0.48549162
B408: 66 | C408: {=AVERAGE((((Summary!$B$132:$B$184)-(Summary!C$132:C$184))/(Summary!$B$132:$B$184))*100)} -> 3.506099 | D408: =AVERAGE(Summary!D$132:D$184) -> 0.67790787 | E408: {=AVERAGE((((Summary!$B$132:$B$184)-(Summary!E$132:E$184))/(Summary!$B$132:$B$184))*100)} -> 2.9514551 | F408: =AVERAGE(Summary!F$132:F$184) -> 0.56776735 | G408: {=AVERAGE((((Summary!$B$132:$B$184)-(Summary!G$132:G$184))/(Summary!$B$132:$B$184))*100)} -> 3.0836322 | H408: =AVERAGE(Summary!H$132:H$184) -> 0.55358562
B409: 100 | C409: {=AVERAGE((((Summary!$B$185:$B$388)-(Summary!C$185:C$388))/(Summary!$B$185:$B$388))*100)} -> 22.162201 | D409: =AVERAGE(Summary!D$185:D$388) -> 1.3545551 | E409: {=AVERAGE((((Summary!$B$185:$B$388)-(Summary!E$185:E$388))/(Summary!$B$185:$B$388))*100)} -> 18.472805 | F409: =AVERAGE(Summary!F$185:F$388) -> 1.3130259 | G409: {=AVERAGE((((Summary!$B$185:$B$388)-(Summary!G$185:G$388))/(Summary!$B$185:$B$388))*100)} -> 15.683425 | H409: =AVERAGE(Summary!H$185:H$388) -> 0.97682626
B410: 102 | C410: {=AVERAGE((((Summary!$B$389:$B$398)-(Summary!C$389:C$398))/(Summary!$B$389:$B$398))*100)} -> 22.292704 | D410: =AVERAGE(Summary!D$389:D$398) -> 0.46709967 | E410: {=AVERAGE((((Summary!$B$389:$B$398)-(Summary!E$389:E$398))/(Summary!$B$389:$B$398))*100)} -> 14.286429 | F410: =AVERAGE(Summary!F$389:F$398) -> 0.42484868 | G410: {=AVERAGE((((Summary!$B$389:$B$398)-(Summary!G$389:G$398))/(Summary!$B$389:$B$398))*100)} -> 9.8283428 | H410: =AVERAGE(Summary!H$389:H$398) -> 0.2578414
C411: =AVERAGE(C405:C410) -> 11.255614 | D411: =AVERAGE(D405:D410) -> 0.6224394 | E411: =AVERAGE(E405:E410) -> 9.3425873 | F411: =AVERAGE(F405:F410) -> 0.56017595 | G411: =AVERAGE(G405:G410) -> 8.5556893 | H411: =AVERAGE(H405:H410) -> 0.47713366
B414: MIN/MAX | C414: OPHS32 | G414: OPHS64 | K414: OPHS100
C415: Gap | E415: Time | G415: Gap | I415: Time | K415: Gap | M415: Time
C416: Max | D416: Min | E416: Max | F416: Min | G416: Max | H416: Min | I416: Max | J416: Min | K416: Max | L416: Min | M416: Max | N416: Min
B417: 32 | C417: {=MAX((((Summary!$B$4:$B$33)-(Summary!C$4:C$33))/(Summary!$B$4:$B$33))*100)} -> 11.320755 | D417: {=MIN((((Summary!$B$4:$B$33)-(Summary!C$4:C$33))/(Summary!$B$4:$B$33))*100)} -> 0 | E417: =MAX(Summary!D$4:D$33) -> 0.63510871 | F417: =MIN(Summary!D$4:D$33) -> 0.19064307 | G417: {=MAX((((Summary!$B$4:$B$33)-(Summary!E$4:E$33))/(Summary!$B$4:$B$33))*100)} -> 10.714286 | H417: {=MIN((((Summary!$B$4:$B$33)-(Summary!E$4:E$33))/(Summary!$B$4:$B$33))*100)} -> 3.8461538 | I417: =MAX(Summary!F$4:F$33) -> 0.67097712 | J417: =MIN(Summary!F$4:F$33) -> 0.18700504 | K417: {=MAX((((Summary!$B$4:$B$33)-(Summary!G$4:G$33))/(Summary!$B$4:$B$33))*100)} -> 14.035088 | L417: {=MIN((((Summary!$B$4:$B$33)-(Summary!G$4:G$33))/(Summary!$B$4:$B$33))*100)} -> 3.8461538 | M417: =MAX(Summary!H$4:H$33) -> 0.79101348 | N417: =MIN(Summary!H$4:H$33) -> 0.22870779
B418: 33 | C418: {=MAX((((Summary!$B$34:$B$73)-(Summary!C$34:C$73))/(Summary!$B$34:$B$73))*100)} -> 14.754098 | D418: {=MIN((((Summary!$B$34:$B$73)-(Summary!C$34:C$73))/(Summary!$B$34:$B$73))*100)} -> 1.25 | E418: =MAX(Summary!D$34:D$73) -> 0.44315219 | F418: =MIN(Summary!D$34:D$73) -> 0.21134853 | G418: {=MAX((((Summary!$B$34:$B$73)-(Summary!E$34:E$73))/(Summary!$B$34:$B$73))*100)} -> 14.925373 | H418: {=MIN((((Summary!$B$34:$B$73)-(Summary!E$34:E$73))/(Summary!$B$34:$B$73))*100)} -> 2.5 | I418: =MAX(Summary!F$34:F$73) -> 0.46831894 | J418: =MIN(Summary!F$34:F$73) -> 0.18632698 | K418: {=MAX((((Summary!$B$34:$B$73)-(Summary!G$34:G$73))/(Summary!$B$34:$B$73))*100)} -> 16.393443 | L418: {=MIN((((Summary!$B$34:$B$73)-(Summary!G$34:G$73))/(Summary!$B$34:$B$73))*100)} -> 3.75 | M418: =MAX(Summary!H$34:H$73) -> 0.47196126 | N418: =MIN(Summary!H$34:H$73) -> 0.20345616
B419: 64 | C419: {=MAX((((Summary!$B$74:$B$131)-(Summary!C$74:C$131))/(Summary!$B$74:$B$131))*100)} -> 21.323529 | D419: {=MIN((((Summary!$B$74:$B$131)-(Summary!C$74:C$131))/(Summary!$B$74:$B$131))*100)} -> 2.4271845 | E419: =MAX(Summary!D$74:D$131) -> 1.2473903 | F419: =MIN(Summary!D$74:D$131) -> 0.33735418 | G419: {=MAX((((Summary!$B$74:$B$131)-(Summary!E$74:E$131))/(Summary!$B$74:$B$131))*100)} -> 10.294118 | H419: {=MIN((((Summary!$B$74:$B$131)-(Summary!E$74:E$131))/(Summary!$B$74:$B$131))*100)} -> 1.6129032 | I419: =MAX(Summary!F$74:F$131) -> 0.97081542 | J419: =MIN(Summary!F$74:F$131) -> 0.31449294 | K419: {=MAX((((Summary!$B$74:$B$131)-(Summary!G$74:G$131))/(Summary!$B$74:$B$131))*100)} -> 22.794118 | L419: {=MIN((((Summary!$B$74:$B$131)-(Summary!G$74:G$131))/(Summary!$B$74:$B$131))*100)} -> 1.6949153 | M419: =MAX(Summary!H$74:H$131) -> 0.8070817 | N419: =MIN(Summary!H$74:H$131) -> 0.27725863
B420: 66 | C420: {=MAX((((Summary!$B$132:$B$184)-(Summary!C$132:C$184))/(Summary!$B$132:$B$184))*100)} -> 10.273973 | D420: {=MIN((((Summary!$B$132:$B$184)-(Summary!C$132:C$184))/(Summary!$B$132:$B$184))*100)} -> 0.5952381 | E420: =MAX(Summary!D$132:D$184) -> 0.99670768 | F420: =MIN(Summary!D$132:D$184) -> 0.34901142 | G420: {=MAX((((Summary!$B$132:$B$184)-(Summary!E$132:E$184))/(Summary!$B$132:$B$184))*100)} -> 7.5342466 | H420: {=MIN((((Summary!$B$132:$B$184)-(Summary!E$132:E$184))/(Summary!$B$132:$B$184))*100)} -> 0 | I420: =MAX(Summary!F$132:F$184) -> 1.2124615 | J420: =MIN(Summary!F$132:F$184) -> 0.23550081 | K420: {=MAX((((Summary!$B$132:$B$184)-(Summary!G$132:G$184))/(Summary!$B$132:$B$184))*100)} -> 8.9041096 | L420: {=MIN((((Summary!$B$132:$B$184)-(Summary!G$132:G$184))/(Summary!$B$132:$B$184))*100)} -> 0 | M420: =MAX(Summary!H$132:H$184) -> 1.6219327 | N420: =MIN(Summary!H$132:H$184) -> 0.25513268
B421: 100 | C421: {=MAX((((Summary!$B$185:$B$388)-(Summary!C$185:C$388))/(Summary!$B$185:$B$388))*100)} -> 66.757493 | D421: {=MIN((((Summary!$B$185:$B$388)-(Summary!C$185:C$388))/(Summary!$B$185:$B$388))*100)} -> 4.4410413 | E421: =MAX(Summary!D$185:D$388) -> 3.1713598 | F421: =MIN(Summary!D$185:D$388) -> 0.36279917 | G421: {=MAX((((Summary!$B$185:$B$388)-(Summary!E$185:E$388))/(Summary!$B$185:$B$388))*100)} -> 60.436893 | H421: {=MIN((((Summary!$B$185:$B$388)-(Summary!E$185:E$388))/(Summary!$B$185:$B$388))*100)} -> 3.9050536 | I421: =MAX(Summary!F$185:F$388) -> 3.3613997 | J421: =MIN(Summary!F$185:F$388) -> 0.22498536 | K421: {=MAX((((Summary!$B$185:$B$388)-(Summary!G$185:G$388))/(Summary!$B$185:$B$388))*100)} -> 34.059946 | L421: {=MIN((((Summary!$B$185:$B$388)-(Summary!G$185:G$388))/(Summary!$B$185:$B$388))*100)} -> 5.2067381 | M421: =MAX(Summary!H$185:H$388) -> 1.7988536 | N421: =MIN(Summary!H$185:H$388) -> 0.22163892
B422: 102 | C422: {=MAX((((Summary!$B$389:$B$398)-(Summary!C$389:C$398))/(Summary!$B$389:$B$398))*100)} -> 41.563786 | D422: {=MIN((((Summary!$B$389:$B$398)-(Summary!C$389:C$398))/(Summary!$B$389:$B$398))*100)} -> 0 | E422: =MAX(Summary!D$389:D$398) -> 0.55317783 | F422: =MIN(Summary!D$389:D$398) -> 0.34199214 | G422: {=MAX((((Summary!$B$389:$B$398)-(Summary!E$389:E$398))/(Summary!$B$389:$B$398))*100)} -> 21.546961 | H422: {=MIN((((Summary!$B$389:$B$398)-(Summary!E$389:E$398))/(Summary!$B$389:$B$398))*100)} -> 0 | I422: =MAX(Summary!F$389:F$398) -> 0.6485436 | J422: =MIN(Summary!F$389:F$398) -> 0.31155324 | K422: {=MAX((((Summary!$B$389:$B$398)-(Summary!G$389:G$398))/(Summary!$B$389:$B$398))*100)} -> 21.546961 | L422: {=MIN((((Summary!$B$389:$B$398)-(Summary!G$389:G$398))/(Summary!$B$389:$B$398))*100)} -> 0 | M422: =MAX(Summary!H$389:H$398) -> 0.29820228 | N422: =MIN(Summary!H$389:H$398) -> 0.21941257
